Request_ID,Employee_Name,Grade,Destination,Trip_Type,Decision,Rule_ID,Reason,Not_Testable_Rules
TR0074,Aarav Shah,M4,Indore,Domestic,REJECTED,"TP-05, TP-02, TP-13","TP-05: Hotel rate ₹15,000 exceeds ₹9,000 non-metro limit. | TP-02: Flight booked only 5 days in advance. Written department-head justification is required. | TP-13: Domestic trip costs ₹118,040. Manager + department-head approval required.","TP-06, TP-07, TP-08, TP-09, TP-10, TP-14, TP-15"
TR0019,Nisha Pillai,M2,Jaipur,Domestic,REJECTED,"TP-05, TP-13","TP-05: Hotel rate ₹6,000 exceeds ₹4,500 non-metro limit. | TP-13: Domestic trip costs ₹156,944. Manager + department-head approval required.","TP-06, TP-07, TP-08, TP-09, TP-10, TP-14, TP-15"
TR0119,Yash Mehta,M2,Kochi,Domestic,REJECTED,"TP-05, TP-13","TP-05: Hotel rate ₹11,000 exceeds ₹4,500 non-metro limit. | TP-13: Domestic trip costs ₹177,406. Manager + department-head approval required.","TP-06, TP-07, TP-08, TP-09, TP-10, TP-14, TP-15"
TR0079,Joseph Kaur,M3,Dubai,International,REJECTED,"TP-11, TP-13","TP-11: International trip booked only 8 days before departure. Minimum is 21 days. | TP-13: Trip costs ₹190,773; additional department-head approval required.","TP-06, TP-07, TP-08, TP-09, TP-10, TP-14, TP-15"
TR0077,Deepak Reddy,M2,Singapore,International,REJECTED,"TP-05, TP-11, TP-13","TP-05: Hotel rate ₹11,000 exceeds ₹4,500 non-metro limit. | TP-11: International trip booked only 12 days before departure. Minimum is 21 days. | TP-13: Trip costs ₹137,277; additional department-head approval required.","TP-06, TP-07, TP-08, TP-09, TP-10, TP-14, TP-15"
TR0032,Karan Desai,M1,Indore,Domestic,NEEDS APPROVAL,TP-02,TP-02: Flight booked only 5 days in advance. Written department-head justification is required.,"TP-06, TP-07, TP-08, TP-09, TP-10, TP-14, TP-15"
TR0065,Zoya Deshmukh,M1,Bengaluru,Domestic,REJECTED,"TP-04, TP-02","TP-04: Hotel rate ₹15,000 exceeds ₹7,000 metro limit. | TP-02: Flight booked only 2 days in advance. Written department-head justification is required.","TP-06, TP-07, TP-08, TP-09, TP-10, TP-14, TP-15"
TR0142,Siddharth Shinde,M3,Kochi,Domestic,REJECTED,TP-05,"TP-05: Hotel rate ₹8,000 exceeds ₹6,500 non-metro limit.","TP-06, TP-07, TP-08, TP-09, TP-10, TP-14, TP-15"
TR0069,Nisha Agarwal,M3,Jaipur,Domestic,NEEDS APPROVAL,TP-02,TP-02: Flight booked only 5 days in advance. Written department-head justification is required.,"TP-06, TP-07, TP-08, TP-09, TP-10, TP-12, TP-14, TP-15"
TR0083,Pallavi Shinde,M4,Dubai,International,NEEDS APPROVAL,"TP-11, TP-13","TP-11: International trip booked 25 days before departure. BU Head + CFO approval required. | TP-13: Trip costs ₹222,920; additional department-head approval required.","TP-06, TP-07, TP-08, TP-09, TP-10, TP-12, TP-14, TP-15"
TR0111,Harsh Mishra,M3,Dubai,International,REJECTED,"TP-05, TP-11, TP-13","TP-05: Hotel rate ₹8,000 exceeds ₹6,500 non-metro limit. | TP-11: International trip booked only 12 days before departure. Minimum is 21 days. | TP-13: Trip costs ₹248,783; additional department-head approval required.","TP-06, TP-07, TP-08, TP-09, TP-10, TP-14, TP-15"
TR0013,Pooja Reddy,M2,Jaipur,Domestic,REJECTED,"TP-05, TP-02","TP-05: Hotel rate ₹6,000 exceeds ₹4,500 non-metro limit. | TP-02: Flight booked only 2 days in advance. Written department-head justification is required.","TP-06, TP-07, TP-08, TP-09, TP-10, TP-12, TP-14, TP-15"
TR0037,Omkar Iyer,M2,Chennai,Domestic,REJECTED,"TP-04, TP-13","TP-04: Hotel rate ₹11,000 exceeds ₹7,000 metro limit. | TP-13: Domestic trip costs ₹233,909. Manager + department-head approval required.","TP-06, TP-07, TP-08, TP-09, TP-10, TP-14, TP-15"
TR0010,Rajesh Singh,M1,Jaipur,Domestic,APPROVED,NONE,No violation or additional approval requirement found in the testable policy rules.,"TP-06, TP-07, TP-08, TP-09, TP-10, TP-14, TP-15"
TR0020,Imran Sharma,M4,Kochi,Domestic,REJECTED,TP-05,"TP-05: Hotel rate ₹11,000 exceeds ₹9,000 non-metro limit.","TP-06, TP-07, TP-08, TP-09, TP-10, TP-14, TP-15"
TR0057,Simran Desai,M2,Delhi,Domestic,REJECTED,"TP-01, TP-04","TP-01: Business class used for 2.0 hour flight. Economy is required for flights under 4 hours. | TP-04: Hotel rate ₹11,000 exceeds ₹7,000 metro limit.","TP-06, TP-07, TP-08, TP-09, TP-10, TP-14, TP-15"
TR0105,Ishaan Gupta,M1,Kochi,Domestic,NEEDS APPROVAL,"TP-02, TP-13","TP-02: Flight booked only 5 days in advance. Written department-head justification is required. | TP-13: Domestic trip costs ₹179,708. Manager + department-head approval required.","TP-06, TP-07, TP-08, TP-09, TP-10, TP-14, TP-15"
TR0070,Fatima Fernandes,M2,Mumbai,Domestic,APPROVED,NONE,No violation or additional approval requirement found in the testable policy rules.,"TP-06, TP-07, TP-08, TP-09, TP-10, TP-12, TP-14, TP-15"
TR0056,Gauri Rao,M2,Mumbai,Domestic,REJECTED,TP-01,TP-01: Business class used for 2.0 hour flight. Economy is required for flights under 4 hours.,"TP-06, TP-07, TP-08, TP-09, TP-10, TP-14, TP-15"
TR0133,Joseph Jadhav,M1,Dubai,International,REJECTED,"TP-05, TP-11","TP-05: Hotel rate ₹11,000 exceeds ₹4,500 non-metro limit. | TP-11: International trip booked 25 days before departure. BU Head + CFO approval required.","TP-06, TP-07, TP-08, TP-09, TP-10, TP-14, TP-15"
TR0030,Anil D'Souza,M3,Delhi,Domestic,REJECTED,TP-04,"TP-04: Hotel rate ₹11,000 exceeds ₹10,000 metro limit.","TP-06, TP-07, TP-08, TP-09, TP-10, TP-14, TP-15"
TR0128,Priya Singh,M1,Singapore,International,NEEDS APPROVAL,TP-11,TP-11: International trip booked 25 days before departure. BU Head + CFO approval required.,"TP-06, TP-07, TP-08, TP-09, TP-10, TP-14, TP-15"
TR0027,Rahul D'Souza,M2,Singapore,International,REJECTED,"TP-01, TP-05, TP-11, TP-02, TP-13","TP-01: Grade M2 is below M4 but business class was used for a flight over 4 hours. | TP-05: Hotel rate ₹6,000 exceeds ₹4,500 non-metro limit. | TP-11: International trip booked only 5 days before departure. Minimum is 21 days. | TP-02: Flight booked only 5 days in advance. Written department-head justification is required. | TP-13: Trip costs ₹188,157; additional department-head approval required.","TP-06, TP-07, TP-08, TP-09, TP-10, TP-14, TP-15"
TR0129,Kabir Kaur,M3,Chennai,Domestic,APPROVED,NONE,No violation or additional approval requirement found in the testable policy rules.,"TP-06, TP-07, TP-08, TP-09, TP-10, TP-14, TP-15"
TR0132,Kavya Desai,M1,Delhi,Domestic,NEEDS APPROVAL,TP-13,"TP-13: Domestic trip costs ₹162,042. Manager + department-head approval required.","TP-06, TP-07, TP-08, TP-09, TP-10, TP-14, TP-15"
TR0146,Divya Reddy,M5,Mumbai,Domestic,REJECTED,"TP-01, TP-02",TP-01: Business class used for 3.0 hour flight. Economy is required for flights under 4 hours. | TP-02: Flight booked only 5 days in advance. Written department-head justification is required.,"TP-06, TP-07, TP-08, TP-09, TP-10, TP-14, TP-15"
TR0109,Fatima Shinde,M2,Jaipur,Domestic,REJECTED,"TP-05, TP-02","TP-05: Hotel rate ₹11,000 exceeds ₹4,500 non-metro limit. | TP-02: Flight booked only 2 days in advance. Written department-head justification is required.","TP-06, TP-07, TP-08, TP-09, TP-10, TP-12, TP-14, TP-15"
TR0144,Harpreet Mukherjee,M2,Mumbai,Domestic,NEEDS APPROVAL,TP-13,"TP-13: Domestic trip costs ₹224,883. Manager + department-head approval required.","TP-06, TP-07, TP-08, TP-09, TP-10, TP-12, TP-14, TP-15"
TR0046,Gurpreet Deshmukh,M1,Indore,Domestic,REJECTED,"TP-05, TP-13","TP-05: Hotel rate ₹6,000 exceeds ₹4,500 non-metro limit. | TP-13: Domestic trip costs ₹115,594. Manager + department-head approval required.","TP-06, TP-07, TP-08, TP-09, TP-10, TP-12, TP-14, TP-15"
TR0031,Zoya Khan,M1,Indore,Domestic,REJECTED,"TP-05, TP-13","TP-05: Hotel rate ₹15,000 exceeds ₹4,500 non-metro limit. | TP-13: Domestic trip costs ₹142,570. Manager + department-head approval required.","TP-06, TP-07, TP-08, TP-09, TP-10, TP-12, TP-14, TP-15"
